segment,avg_aon,avg_total_mou,avg_total_data_usage
0,1017.9398785425101,24930.075261133603,722.6400890688259
1,697.0796815978471,4793.735727834249,521.0348544979978
2,2622.324429177612,6308.535797938977,534.0704392806628
3,1094.452722839339,7460.652535898131,10725.959921430507
